{
    "timestamp": 1608655774,
    "status": 4,
    "numero1": 72897,
    "numero2": 6095,
    "numero3": 52472,
    "numero4": 75981,
    "numero5": 38341,
    "numero6": 86986,
    "numero7": 37023,
    "numero8": 19371,
    "numero9": 49760,
    "numero10": 55483,
    "numero11": 28674,
    "numero12": 43831,
    "numero13": 31617,
    "fraseSorteoPDF": "Buscador y PDF con la lista oficial",
    "fraseListaPDF": "Buscador y PDF con la lista oficial",
    "listaPDF": "http://servicios.elpais.com/sorteos/loteria-navidad/lista-oficial-loteria-navidad/",
    "urlAudio": "",
    "error": 0
}