{
    "Title": "Léon: The Professional",
    "Year": "1994",
    "Rated": "R",
    "Released": "18 Nov 1994",
    "Runtime": "110 min",
    "Genre": "Action, Crime, Drama, Thriller",
    "Director": "Luc Besson",
    "Writer": "Luc Besson",
    "Actors": "Jean Reno, Gary Oldman, Natalie Portman, Danny Aiello",
    "Plot": "Mathilda, a 12-year-old girl, is reluctantly taken in by Léon, a professional assassin, after her family is murdered. An unusual relationship forms as she becomes his protégée and learns the assassin's trade.",
    "Language": "English, Italian, French",
    "Country": "France, USA",
    "Awards": "6 wins & 15 nominations.",
    "Poster": "https://m.media-amazon.com/images/M/MV5BODllNWE0MmEtYjUwZi00ZjY3LThmNmQtZjZlMjI2YTZjYmQ0XkEyXkFqcGdeQXVyNTc1NTQxODI@._V1_SX300.jpg",
    "Ratings": [{
            "Source": "Internet Movie Database",
            "Value": "8.5/10"
        },
        {
            "Source": "Rotten Tomatoes",
            "Value": "74%"
        },
        {
            "Source": "Metacritic",
            "Value": "64/100"
        }
    ],
    "Metascore": "64",
    "imdbRating": "8.5",
    "imdbVotes": "1,031,180",
    "imdbID": "tt0110413",
    "Type": "movie",
    "DVD": "N/A",
    "BoxOffice": "$19,501,238",
    "Production": "Gaumont, Gaumont International, Les Films du Dauphin",
    "Website": "N/A",
    "Response": "True"
}